Importance,Level,Job Zone,Code,Occupation,OccupationCategory
72,68,3,39-5091.00,"Makeup Artists, Theatrical and Performance",[Seni & Kreatif] Make Up Artist
72,55,3,49-2022.00,"Telecommunications Equipment Installers and Repairers, Except Line Installers",[Teknik] Teknik Elektro
72,54,1-2,51-7021.00,Furniture Finishers,[Teknik] Teknik Industri
69,75,3,27-1013.00,"Fine Artists, Including Painters, Sculptors, and Illustrators",[Seni & Kreatif] Desain Grafis
69,57,4,27-1011.00,Art Directors,[Seni & Kreatif] Desain Grafis
69,57,4,27-1025.00,Interior Designers,[Seni & Kreatif] Seni Rupa
69,55,1-2,51-9124.00,"Coating, Painting, and Spraying Machine Setters, Operators, and Tenders",[Teknik] Teknik Industri
69,55,1-2,51-6093.00,Upholsterers,[Teknik] Teknik Industri
69,54,3,29-9093.00,Surgical Assistants,[Kesehatan] Kedokteran
69,50,3,49-2096.00,"Electronic Equipment Installers and Repairers, Motor Vehicles",[Teknik] Teknik Elektro
69,46,3,27-1022.00,Fashion Designers,[Seni & Kreatif] Seni Rupa
66,57,3,43-9031.00,Desktop Publishers,[Seni & Kreatif] Desain Grafis
66,57,3,47-2111.00,Electricians,[Teknik] Teknik Elektro
66,57,1-2,27-1023.00,Floral Designers,[Seni & Kreatif] Seni Rupa
66,57,3,27-4021.00,Photographers,[Seni & Kreatif] Seni Rupa
66,57,4,27-1014.00,Special Effects Artists and Animators,[Seni & Kreatif] Multimedia / Film
66,55,3,49-9021.00,"Heating, Air Conditioning, and Refrigeration Mechanics and Installers",[Teknik] Teknik Mesin
66,54,1-2,51-9195.04,"Glass Blowers, Molders, Benders, and Finishers",[Teknik] Teknik Industri
66,54,3,49-9097.00,Signal and Track Switch Repairers,[Teknik] Teknik Elektro
66,50,1-2,51-9151.00,Photographic Process Workers and Processing Machine Operators,[Teknik] Teknik Industri
66,48,4,53-2011.00,"Airline Pilots, Copilots, and Flight Engineers",[Keselamatan & Transportasi] Penerbangan
66,45,1-2,53-4013.00,"Rail Yard Engineers, Dinkey Operators, and Hostlers",[Keselamatan & Transportasi] Transportasi / Logistik
63,54,1-2,47-5032.00,"Explosives Workers, Ordnance Handling Experts, and Blasters",[Teknik] Teknik Mesin
63,52,3,17-3024.01,Robotics Technicians,[Teknik] Teknik Mesin
60,63,3,51-9071.06,Gem and Diamond Workers,[Teknik] Teknik Industri
60,54,3,49-3011.00,Aircraft Mechanics and Service Technicians,[Teknik] Teknik Mesin
60,54,5,29-2011.02,Cytotechnologists,[Kesehatan] Laboratorium
60,54,1-2,51-9123.00,"Painting, Coating, and Decorating Workers",[Teknik] Teknik Industri
60,52,3,27-4031.00,"Camera Operators, Television, Video, and Film",[Seni & Kreatif] Multimedia / Film
60,52,3,17-3024.00,Electro-Mechanical and Mechatronics Technologists and Technicians,[Teknik] Teknik Mesin
60,52,1-2,49-9095.00,Manufactured Building and Mobile Home Installers,[Teknik] Teknik Mesin
60,52,4,29-2011.00,Medical and Clinical Laboratory Technologists,[Kesehatan] Laboratorium
60,50,3,19-4092.00,Forensic Science Technicians,[Kesehatan] Laboratorium
60,48,1-2,51-8099.01,Biofuels Processing Technicians,[Teknik] Teknik Industri
60,48,3,49-2093.00,"Electrical and Electronics Installers and Repairers, Transportation Equipment",[Teknik] Teknik Elektro
60,48,1-2,53-5011.00,Sailors and Marine Oilers,[Keselamatan & Transportasi] Kelautan
56,55,3,49-2094.00,"Electrical and Electronics Repairers, Commercial and Industrial Equipment",[Teknik] Teknik Elektro
56,55,4,27-2012.05,Media Technical Directors/Managers,[Seni & Kreatif] Multimedia / Film
56,54,1-2,49-3021.00,Automotive Body and Related Repairers,[Teknik] Teknik Mesin
56,54,4,27-1021.00,Commercial and Industrial Designers,[Seni & Kreatif] Seni Rupa
56,54,4,27-1024.00,Graphic Designers,[Seni & Kreatif] Desain Grafis
56,52,3,49-2097.00,Audiovisual Equipment Installers and Repairers,[Seni & Kreatif] Multimedia / Film
56,52,3,49-2092.00,"Electric Motor, Power Tool, and Related Repairers",[Teknik] Teknik Elektro
56,52,3,49-2095.00,"Electrical and Electronics Repairers, Powerhouse, Substation, and Relay",[Teknik] Teknik Elektro
56,52,1-2,47-3013.00,Helpers--Electricians,[Teknik] Teknik Elektro
56,50,3,17-3023.00,Electrical and Electronic Engineering Technologists and Technicians,[Teknik] Teknik Elektro
56,50,3,49-3041.00,Farm Equipment Mechanics and Service Technicians,[Teknik] Teknik Mesin
56,50,5,29-1022.00,Oral and Maxillofacial Surgeons,[Kesehatan] Kedokteran
56,48,3,27-1026.00,Merchandise Displayers and Window Trimmers,[Seni & Kreatif] Seni Rupa
56,46,3,27-4011.00,Audio and Video Technicians,[Seni & Kreatif] Multimedia / Film
56,46,3,47-2152.04,Solar Thermal Installers and Technicians,[Teknik] Teknik Mesin
56,45,3,19-4013.00,Food Science Technicians,[Kesehatan] Laboratorium
56,45,3,19-4051.00,Nuclear Technicians,[Kesehatan] Laboratorium
56,45,3,51-5111.00,Prepress Technicians and Workers,[Teknik] Teknik Industri
56,45,5,29-1224.00,Radiologists,[Kesehatan] Kedokteran
56,43,1-2,51-6061.00,Textile Bleaching and Dyeing Machine Operators and Tenders,[Teknik] Teknik Industri
56,41,1-2,45-4021.00,Fallers,[Teknik] Teknik Industri
53,52,5,29-1021.00,"Dentists, General",[Kesehatan] Kedokteran
53,50,4,19-2031.00,Chemists,[Kesehatan] Laboratorium
53,50,3,33-2011.00,Firefighters,[Keselamatan & Transportasi] Pemadam Kebakaran
53,50,3,11-3051.06,Hydroelectric Production Managers,[Bisnis & Administrasi] Bisnis / Manajemen
53,50,3,49-3042.00,"Mobile Heavy Equipment Mechanics, Except Engines",[Teknik] Teknik Mesin
53,50,4,17-2199.08,Robotics Engineers,[Teknik] Teknik Mesin
53,48,3,27-4012.00,Broadcast Technicians,[Seni & Kreatif] Multimedia / Film
53,48,4,29-2011.01,Cytogenetic Technologists,[Kesehatan] Laboratorium
53,48,4,19-1012.00,Food Scientists and Technologists,[Kesehatan] Laboratorium
53,46,3,53-6051.01,Aviation Inspectors,[Keselamatan & Transportasi] Penerbangan
53,46,5,29-1213.00,Dermatologists,[Kesehatan] Kedokteran
53,46,4,27-4032.00,Film and Video Editors,[Seni & Kreatif] Multimedia / Film
53,46,3,49-9062.00,Medical Equipment Repairers,[Teknik] Teknik Mesin
53,46,4,25-4013.00,Museum Technicians and Conservators,[Sosial & Humaniora] Pendidikan / Mengajar
53,46,5,29-1222.00,"Physicians, Pathologists",[Kesehatan] Kedokteran
53,45,1-2,51-3011.00,Bakers,[Seni & Kreatif] Tata Boga
53,45,1-2,51-8013.03,Biomass Plant Technicians,[Teknik] Teknik Industri
53,45,1-2,51-2051.00,Fiberglass Laminators and Fabricators,[Teknik] Teknik Industri
53,45,1-2,49-9099.01,Geothermal Technicians,[Teknik] Teknik Mesin
53,45,3,13-1041.04,Government Property Inspectors and Investigators,[Bisnis & Administrasi] Bisnis / Manajemen
53,45,5,29-1041.00,Optometrists,[Kesehatan] Kedokteran
53,45,5,29-1024.00,Prosthodontists,[Kesehatan] Kedokteran
53,45,1-2,53-4022.00,"Railroad Brake, Signal, and Switch Operators and Locomotive Firers",[Keselamatan & Transportasi] Transportasi / Logistik
53,45,1-2,47-5013.00,"Service Unit Operators, Oil and Gas",[Teknik] Teknik Mesin
53,43,3,19-4012.00,Agricultural Technicians,[Kesehatan] Laboratorium
53,43,3,53-7021.00,Crane and Tower Operators,[Keselamatan & Transportasi] Transportasi / Logistik
53,43,3,39-5012.00,"Hairdressers, Hairstylists, and Cosmetologists",[Seni & Kreatif] Make Up Artist
53,43,4,29-2011.04,Histotechnologists,[Kesehatan] Laboratorium
53,43,1-2,45-4022.00,Logging Equipment Operators,[Teknik] Teknik Industri
53,43,3,29-2012.00,Medical and Clinical Laboratory Technicians,[Kesehatan] Laboratorium
53,41,3,49-9092.00,Commercial Divers,[Keselamatan & Transportasi] Kelautan
53,41,4,17-1012.00,Landscape Architects,[Teknik] Teknik Sipil
53,41,3,29-2055.00,Surgical Technologists,[Kesehatan] Kedokteran
53,39,1-2,51-8091.00,Chemical Plant and System Operators,[Teknik] Teknik Industri
53,39,1-2,47-5011.00,"Derrick Operators, Oil and Gas",[Teknik] Teknik Mesin
53,37,1-2,53-3051.00,"Bus Drivers, School",[Keselamatan & Transportasi] Transportasi / Logistik
53,37,1-2,47-5023.00,"Earth Drillers, Except Oil and Gas",[Teknik] Teknik Mesin
53,37,3,33-2021.00,Fire Inspectors and Investigators,[Keselamatan & Transportasi] Pemadam Kebakaran
50,54,1-2,49-3043.00,Rail Car Repairers,[Teknik] Teknik Mesin
50,52,3,27-1012.00,Craft Artists,[Seni & Kreatif] Seni Rupa
50,52,5,25-4012.00,Curators,[Sosial & Humaniora] Pendidikan / Mengajar
50,50,3,49-2091.00,Avionics Technicians,[Teknik] Teknik Elektro
50,50,3,39-4011.00,Embalmers,[Kesehatan] Kedokteran
50,48,1-2,51-2022.00,Electrical and Electronic Equipment Assemblers,[Teknik] Teknik Elektro
50,48,3,51-9082.00,Medical Appliance Technicians,[Teknik] Teknik Industri
50,48,5,29-1241.00,"Ophthalmologists, Except Pediatric",[Kesehatan] Kedokteran
50,46,5,29-1071.01,Anesthesiologist Assistants,[Kesehatan] Kedokteran
50,46,3,49-3023.00,Automotive Service Technicians and Mechanics,[Teknik] Teknik Mesin
50,46,3,49-3031.00,Bus and Truck Mechanics and Diesel Engine Specialists,[Teknik] Teknik Mesin
50,46,3,49-9061.00,Camera and Photographic Equipment Repairers,[Seni & Kreatif] Multimedia / Film
50,46,3,53-2012.00,Commercial Pilots,[Keselamatan & Transportasi] Penerbangan
50,46,4,17-2111.02,Fire-Prevention and Protection Engineers,[Teknik] Teknik Industri
50,46,1-2,49-9031.00,Home Appliance Repairers,[Teknik] Teknik Mesin
50,46,3,49-9071.00,"Maintenance and Repair Workers, General",[Teknik] Teknik Mesin
50,46,3,17-3027.00,Mechanical Engineering Technologists and Technicians,[Teknik] Teknik Mesin
50,46,5,17-2199.06,Microsystems Engineers,[Teknik] Teknik Industri
50,46,1-2,39-3021.00,Motion Picture Projectionists,[Seni & Kreatif] Multimedia / Film
50,46,3,19-4051.02,Nuclear Monitoring Technicians,[Kesehatan] Laboratorium
50,46,1-2,53-7072.00,"Pump Operators, Except Wellhead Pumpers",[Keselamatan & Transportasi] Transportasi / Logistik
50,45,5,11-9041.00,Architectural and Engineering Managers,[Bisnis & Administrasi] Bisnis / Manajemen
50,45,5,29-1129.01,Art Therapists,[Kesehatan] Kedokteran
50,45,3,35-1011.00,Chefs and Head Cooks,[Seni & Kreatif] Tata Boga
50,45,1-2,51-9161.00,Computer Numerically Controlled Tool Operators,[Teknik] Teknik Elektro
50,45,4,11-9021.00,Construction Managers,[Bisnis & Administrasi] Bisnis / Manajemen
50,45,3,29-1292.00,Dental Hygienists,[Kesehatan] Kedokteran
50,45,1-2,51-9081.00,Dental Laboratory Technicians,[Teknik] Teknik Industri
50,45,1-2,49-9051.00,Electrical Power-Line Installers and Repairers,[Teknik] Teknik Elektro
50,45,3,51-6092.00,Fabric and Apparel Patternmakers,[Teknik] Teknik Industri
50,45,1-2,51-3091.00,"Food and Tobacco Roasting, Baking, and Drying Machine Operators and Tenders",[Seni & Kreatif] Tata Boga
50,45,3,51-8013.04,Hydroelectric Plant Technicians,[Teknik] Teknik Industri
50,45,1-2,45-4023.00,Log Graders and Scalers,[Teknik] Teknik Industri
50,45,4,17-2131.00,Materials Engineers,[Teknik] Teknik Industri
50,45,1-2,49-9011.00,Mechanical Door Repairers,[Teknik] Teknik Mesin
50,45,4,19-1022.00,Microbiologists,[Kesehatan] Laboratorium
50,45,4,17-3026.01,Nanotechnology Engineering Technologists and Technicians,[Teknik] Teknik Industri
50,45,5,29-1171.00,Nurse Practitioners,[Kesehatan] Keperawatan
50,45,3,29-2081.00,"Opticians, Dispensing",[Kesehatan] Kedokteran
50,45,1-2,47-2141.00,"Painters, Construction and Maintenance",[Teknik] Teknik Sipil
50,45,1-2,51-5112.00,Printing Press Operators,[Teknik] Teknik Industri
50,45,3,47-1011.03,Solar Energy Installation Managers,[Teknik] Teknik Mesin
50,45,1-2,47-2053.00,Terrazzo Workers and Finishers,[Teknik] Teknik Mesin
50,45,1-2,51-6064.00,"Textile Winding, Twisting, and Drawing Out Machine Setters, Operators, and Tenders",[Teknik] Teknik Industri
50,43,4,17-2011.00,Aerospace Engineers,[Teknik] Teknik Mesin
50,43,3,53-2021.00,Air Traffic Controllers,[Keselamatan & Transportasi] Penerbangan
50,43,5,25-1121.00,"Art, Drama, and Music Teachers, Postsecondary",[Sosial & Humaniora] Pendidikan / Mengajar
50,43,5,19-2011.00,Astronomers,[Kesehatan] Laboratorium
50,43,4,11-3051.03,Biofuels Production Managers,[Bisnis & Administrasi] Bisnis / Manajemen
50,43,4,19-4021.00,Biological Technicians,[Kesehatan] Laboratorium
50,43,5,19-1029.04,Biologists,[Kesehatan] Laboratorium
50,43,1-2,51-3021.00,Butchers and Meat Cutters,[Seni & Kreatif] Tata Boga
50,43,3,53-5021.00,"Captains, Mates, and Pilots of Water Vessels",[Keselamatan & Transportasi] Penerbangan
50,43,3,19-4031.00,Chemical Technicians,[Kesehatan] Laboratorium
50,43,3,49-2011.00,"Computer, Automated Teller, and Office Machine Repairers",[Teknik] Teknik Mesin
50,43,3,47-4011.00,Construction and Building Inspectors,[Teknik] Teknik Sipil
50,43,1-2,47-5041.00,Continuous Mining Machine Operators,[Teknik] Teknik Mesin
50,43,1-2,35-2014.00,"Cooks, Restaurant",[Seni & Kreatif] Tata Boga
50,43,1-2,51-9021.00,"Crushing, Grinding, and Polishing Machine Setters, Operators, and Tenders",[Teknik] Teknik Industri
50,43,1-2,47-5022.00,"Excavating and Loading Machine and Dragline Operators, Surface Mining",[Teknik] Teknik Mesin
50,43,1-2,51-4021.00,"Extruding and Drawing Machine Setters, Operators, and Tenders, Metal and Plastic",[Teknik] Teknik Industri
50,43,3,33-1021.00,First-Line Supervisors of Firefighting and Prevention Workers,[Keselamatan & Transportasi] Kepolisian
50,43,3,19-4071.00,Forest and Conservation Technicians,[Kesehatan] Laboratorium
50,43,1-2,51-8092.00,Gas Plant Operators,[Teknik] Teknik Industri
50,43,3,51-9071.00,Jewelers and Precious Stone and Metal Workers,[Teknik] Teknik Industri
50,43,3,49-9043.00,"Maintenance Workers, Machinery",[Teknik] Teknik Mesin
50,43,4,17-2121.00,Marine Engineers and Naval Architects,[Keselamatan & Transportasi] Kelautan
50,43,3,17-3013.00,Mechanical Drafters,[Teknik] Teknik Mesin
50,43,1-2,51-9023.00,"Mixing and Blending Machine Setters, Operators, and Tenders",[Teknik] Teknik Industri
50,43,1-2,53-5022.00,Motorboat Operators,[Keselamatan & Transportasi] Transportasi / Logistik
50,43,1-2,17-3029.01,Non-Destructive Testing Specialists,[Teknik] Teknik Industri
50,43,3,51-8011.00,Nuclear Power Reactor Operators,[Teknik] Teknik Industri
50,43,5,29-1151.00,Nurse Anesthetists,[Kesehatan] Keperawatan
50,43,1-2,47-2073.00,Operating Engineers and Other Construction Equipment Operators,[Teknik] Teknik Sipil
50,43,1-2,51-9083.00,Ophthalmic Laboratory Technicians,[Teknik] Teknik Industri
50,43,5,29-1299.02,Orthoptists,[Kesehatan] Kedokteran
50,43,1-2,51-8093.00,"Petroleum Pump System Operators, Refinery Operators, and Gaugers",[Teknik] Teknik Industri
50,43,3,17-3029.08,Photonics Technicians,[Teknik] Teknik Industri
50,43,5,29-1071.00,Physician Assistants,[Kesehatan] Kedokteran
50,43,3,33-3021.02,Police Identification and Records Officers,[Keselamatan & Transportasi] Kepolisian
50,43,3,51-9195.05,"Potters, Manufacturing",[Teknik] Teknik Industri
50,43,4,11-3051.01,Quality Control Systems Managers,[Bisnis & Administrasi] Bisnis / Manajemen
50,43,1-2,51-9012.00,"Separating, Filtering, Clarifying, Precipitating, and Still Machine Setters, Operators, and Tenders",[Teknik] Teknik Industri
50,43,1-2,51-6051.00,"Sewers, Hand",[Teknik] Teknik Industri
50,43,1-2,53-4041.00,Subway and Streetcar Operators,[Keselamatan & Transportasi] Transportasi / Logistik
50,43,1-2,47-2044.00,Tile and Stone Setters,[Teknik] Teknik Mesin
50,43,5,29-1229.03,Urologists,[Kesehatan] Kedokteran
50,43,1-2,47-4099.03,Weatherization Installers and Technicians,[Teknik] Teknik Mesin
50,41,4,29-1141.01,Acute Care Nurses,[Kesehatan] Keperawatan
50,41,4,13-2022.00,Appraisers of Personal and Business Property,[Bisnis & Administrasi] Bisnis / Manajemen
50,41,1-2,51-9011.00,Chemical Equipment Operators and Tenders,[Teknik] Teknik Industri
50,41,1-2,45-3031.00,Fishing and Hunting Workers,[Keselamatan & Transportasi] Kelautan
50,41,1-2,51-9022.00,"Grinding and Polishing Workers, Hand",[Teknik] Teknik Industri
50,41,4,17-2111.00,"Health and Safety Engineers, Except Mining Safety Engineers and Inspectors",[Teknik] Teknik Industri
50,41,1-2,53-4011.00,Locomotive Engineers,[Keselamatan & Transportasi] Transportasi / Logistik
50,41,1-2,51-4051.00,Metal-Refining Furnace Operators and Tenders,[Teknik] Teknik Industri
50,41,5,19-1029.02,Molecular and Cellular Biologists,[Kesehatan] Laboratorium
50,41,5,29-1218.00,Obstetricians and Gynecologists,[Kesehatan] Kedokteran
50,41,5,29-1051.00,Pharmacists,[Kesehatan] Farmasi
50,41,1-2,51-6031.00,Sewing Machine Operators,[Teknik] Teknik Industri
50,39,5,29-1214.00,Emergency Medicine Physicians,[Kesehatan] Kedokteran
50,39,1-2,37-2021.00,Pest Control Workers,[Teknik] Teknik Sipil
50,39,1-2,47-2161.00,Plasterers and Stucco Masons,[Teknik] Teknik Sipil
50,39,1-2,51-2061.00,Timing Device Assemblers and Adjusters,[Teknik] Teknik Industri
50,36,1-2,51-2023.00,Electromechanical Equipment Assemblers,[Teknik] Teknik Industri
47,52,1-2,49-3092.00,Recreational Vehicle Service Technicians,[Teknik] Teknik Mesin
47,50,4,11-9041.01,Biofuels/Biodiesel Technology and Product Development Managers,[Bisnis & Administrasi] Bisnis / Manajemen
47,48,3,17-3011.00,Architectural and Civil Drafters,[Teknik] Teknik Sipil
47,48,4,17-2041.00,Chemical Engineers,[Teknik] Teknik Industri
47,48,4,17-2112.03,Manufacturing Engineers,[Teknik] Teknik Industri
47,48,1-2,47-2231.00,Solar Photovoltaic Installers,[Teknik] Teknik Mesin
47,46,4,17-2072.00,"Electronics Engineers, Except Computer",[Teknik] Teknik Elektro
47,46,3,47-4021.00,Elevator and Escalator Installers and Repairers,[Teknik] Teknik Mesin
47,46,3,49-2098.00,Security and Fire Alarm Systems Installers,[Teknik] Teknik Mesin
47,46,3,53-5031.00,Ship Engineers,[Keselamatan & Transportasi] Kelautan
47,45,1-2,51-2011.00,"Aircraft Structure, Surfaces, Rigging, and Systems Assemblers",[Teknik] Teknik Industri
47,45,4,17-2141.02,Automotive Engineers,[Teknik] Teknik Mesin
47,45,1-2,51-7011.00,Cabinetmakers and Bench Carpenters,[Teknik] Teknik Industri
47,45,3,29-2032.00,Diagnostic Medical Sonographers,[Kesehatan] Kedokteran
47,45,4,17-3025.00,Environmental Engineering Technologists and Technicians,[Teknik] Teknik Industri
47,45,1-2,51-9061.00,"Inspectors, Testers, Sorters, Samplers, and Weighers",[Teknik] Teknik Industri
47,45,1-2,49-9044.00,Millwrights,[Teknik] Teknik Mesin
47,45,3,29-2099.05,Ophthalmic Medical Technologists,[Kesehatan] Laboratorium
47,45,4,15-1255.01,Video Game Designers,[Seni & Kreatif] Multimedia / Film
47,45,1-2,51-8031.00,Water and Wastewater Treatment Plant and System Operators,[Teknik] Teknik Industri
47,45,3,49-9081.00,Wind Turbine Service Technicians,[Teknik] Teknik Mesin
47,43,4,17-1021.00,Cartographers and Photogrammetrists,[Teknik] Teknik Industri
47,43,3,35-2013.00,"Cooks, Private Household",[Seni & Kreatif] Tata Boga
47,43,1-2,51-9193.00,Cooling and Freezing Equipment Operators and Tenders,[Teknik] Teknik Industri
47,43,3,13-1041.06,Coroners,[Bisnis & Administrasi] Bisnis / Manajemen
47,43,3,11-3051.02,Geothermal Production Managers,[Bisnis & Administrasi] Bisnis / Manajemen
47,43,4,17-2199.05,Mechatronics Engineers,[Teknik] Teknik Mesin
47,43,1-2,31-9093.00,Medical Equipment Preparers,[Kesehatan] Kedokteran
47,43,5,19-1042.00,"Medical Scientists, Except Epidemiologists",[Kesehatan] Laboratorium
47,43,3,49-9063.00,Musical Instrument Repairers and Tuners,[Teknik] Teknik Mesin
47,43,4,15-1244.00,Network and Computer Systems Administrators,[Teknologi Informasi] Informatika / Ilmu Komputer
47,43,3,29-2033.00,Nuclear Medicine Technologists,[Kesehatan] Kedokteran
47,43,4,17-2199.07,Photonics Engineers,[Teknik] Teknik Industri
47,43,5,29-1081.00,Podiatrists,[Kesehatan] Kedokteran
47,43,1-2,51-4052.00,"Pourers and Casters, Metal",[Teknik] Teknik Industri
47,43,3,49-2021.00,"Radio, Cellular, and Tower Equipment Installers and Repairers",[Teknik] Teknik Mesin
47,43,5,29-1229.06,Sports Medicine Physicians,[Kesehatan] Kedokteran
47,43,3,17-3031.00,Surveying and Mapping Technicians,[Teknik] Teknik Industri
47,41,1-2,53-1041.00,Aircraft Cargo Handling Supervisors,[Keselamatan & Transportasi] Transportasi / Logistik
47,41,5,17-1011.00,"Architects, Except Landscape and Naval",[Teknik] Teknik Sipil
47,41,1-2,53-6031.00,Automotive and Watercraft Service Attendants,[Keselamatan & Transportasi] Transportasi / Logistik
47,41,5,19-1021.00,Biochemists and Biophysicists,[Kesehatan] Laboratorium
47,41,1-2,47-2021.00,Brickmasons and Blockmasons,[Teknik] Teknik Sipil
47,41,4,29-1141.03,Critical Care Nurses,[Kesehatan] Keperawatan
47,41,3,31-9091.00,Dental Assistants,[Kesehatan] Kedokteran
47,41,5,19-2041.02,Environmental Restoration Planners,[Kesehatan] Laboratorium
47,41,4,19-4042.00,"Environmental Science and Protection Technicians, Including Health",[Kesehatan] Laboratorium
47,41,5,29-1215.00,Family Medicine Physicians,[Kesehatan] Kedokteran
47,41,3,37-1012.00,"First-Line Supervisors of Landscaping, Lawn Service, and Groundskeeping Workers",[Teknik] Teknik Sipil
47,41,4,19-4043.00,"Geological Technicians, Except Hydrologic Technicians",[Kesehatan] Laboratorium
47,41,3,47-4041.00,Hazardous Materials Removal Workers,[Teknik] Teknik Mesin
47,41,1-2,49-9098.00,"Helpers--Installation, Maintenance, and Repair Workers",[Teknik] Teknik Mesin
47,41,4,11-2021.00,Marketing Managers,[Bisnis & Administrasi] Bisnis / Manajemen
47,41,3,31-9092.00,Medical Assistants,[Kesehatan] Kedokteran
47,41,1-2,51-4081.00,"Multiple Machine Tool Setters, Operators, and Tenders, Metal and Plastic",[Teknik] Teknik Industri
47,41,3,19-5012.00,Occupational Health and Safety Technicians,[Kesehatan] Laboratorium
47,41,3,29-2057.00,Ophthalmic Medical Technicians,[Kesehatan] Kedokteran
47,41,4,19-1031.03,Park Naturalists,[Kesehatan] Laboratorium
47,41,3,51-4062.00,"Patternmakers, Metal and Plastic",[Teknik] Teknik Industri
47,41,1-2,51-8013.00,Power Plant Operators,[Teknik] Teknik Industri
47,41,3,19-4099.01,Quality Control Analysts,[Kesehatan] Laboratorium
47,41,3,29-1126.00,Respiratory Therapists,[Kesehatan] Kedokteran
47,41,1-2,47-5051.00,"Rock Splitters, Quarry",[Teknik] Teknik Mesin
47,41,1-2,51-9141.00,Semiconductor Processing Technicians,[Teknik] Teknik Elektro
47,41,5,27-1027.00,Set and Exhibit Designers,[Seni & Kreatif] Seni Rupa
47,41,3,39-5094.00,Skincare Specialists,[Seni & Kreatif] Make Up Artist
47,41,5,19-1013.00,Soil and Plant Scientists,[Kesehatan] Laboratorium
47,41,1-2,47-2221.00,Structural Iron and Steel Workers,[Teknik] Teknik Mesin
47,41,4,17-1022.00,Surveyors,[Teknik] Teknik Industri
47,41,1-2,51-6052.00,"Tailors, Dressmakers, and Custom Sewers",[Teknik] Teknik Industri
47,41,1-2,51-6062.00,"Textile Cutting Machine Setters, Operators, and Tenders",[Teknik] Teknik Industri
47,41,1-2,51-6063.00,"Textile Knitting and Weaving Machine Setters, Operators, and Tenders",[Teknik] Teknik Industri
47,41,5,29-1131.00,Veterinarians,[Kesehatan] Kedokteran
47,41,3,29-2056.00,Veterinary Technologists and Technicians,[Kesehatan] Kedokteran
47,39,4,11-2011.00,Advertising and Promotions Managers,[Bisnis & Administrasi] Bisnis / Manajemen
47,39,5,19-3091.00,Anthropologists and Archeologists,[Kesehatan] Laboratorium
47,39,1-2,51-9041.00,"Extruding, Forming, Pressing, and Compacting Machine Setters, Operators, and Tenders",[Teknik] Teknik Industri
47,39,1-2,33-1091.00,First-Line Supervisors of Security Workers,[Keselamatan & Transportasi] Kepolisian
47,39,1-2,51-4191.00,"Heat Treating Equipment Setters, Operators, and Tenders, Metal and Plastic",[Teknik] Teknik Industri
47,39,3,29-2012.01,Histology Technicians,[Kesehatan] Kedokteran
47,39,5,29-1217.00,Neurologists,[Kesehatan] Kedokteran
47,39,3,47-2152.00,"Plumbers, Pipefitters, and Steamfitters",[Teknik] Teknik Sipil
47,39,3,29-1124.00,Radiation Therapists,[Kesehatan] Kedokteran
47,39,1-2,53-7081.00,Refuse and Recyclable Material Collectors,[Keselamatan & Transportasi] Transportasi / Logistik
47,39,1-2,47-5012.00,"Rotary Drill Operators, Oil and Gas",[Teknik] Teknik Mesin
47,39,1-2,47-2022.00,Stonemasons,[Teknik] Teknik Sipil
47,37,1-2,45-2011.00,Agricultural Inspectors,[Kesehatan] Laboratorium
47,37,1-2,47-2041.00,Carpet Installers,[Teknik] Teknik Mesin
47,37,1-2,47-5044.00,"Loading and Moving Machine Operators, Underground Mining",[Teknik] Teknik Mesin
47,37,1-2,47-4061.00,Rail-Track Laying and Maintenance Equipment Operators,[Teknik] Teknik Mesin
47,37,1-2,53-7062.04,Recycling and Reclamation Workers,[Keselamatan & Transportasi] Transportasi / Logistik
47,37,1-2,47-4071.00,Septic Tank Servicers and Sewer Pipe Cleaners,[Teknik] Teknik Mesin
47,37,1-2,51-4194.00,"Tool Grinders, Filers, and Sharpeners",[Teknik] Teknik Industri
47,37,1-2,33-9093.00,Transportation Security Screeners,[Keselamatan & Transportasi] Kepolisian
47,36,1-2,53-3052.00,"Bus Drivers, Transit and Intercity",[Keselamatan & Transportasi] Transportasi / Logistik
47,36,1-2,53-6021.00,Parking Attendants,[Keselamatan & Transportasi] Transportasi / Logistik
47,34,3,29-2031.00,Cardiovascular Technologists and Technicians,[Kesehatan] Kedokteran
47,34,1-2,53-7071.00,Gas Compressor and Gas Pumping Station Operators,[Keselamatan & Transportasi] Transportasi / Logistik
47,34,1-2,53-7041.00,Hoist and Winch Operators,[Keselamatan & Transportasi] Transportasi / Logistik
47,34,1-2,33-3041.00,Parking Enforcement Workers,[Keselamatan & Transportasi] Kepolisian
47,34,1-2,37-3012.00,"Pesticide Handlers, Sprayers, and Applicators, Vegetation",[Teknik] Teknik Sipil
47,32,1-2,33-9032.00,Security Guards,[Keselamatan & Transportasi] Kepolisian
44,46,3,49-9041.00,Industrial Machinery Mechanics,[Teknik] Teknik Mesin
44,46,1-2,49-9052.00,Telecommunications Line Installers and Repairers,[Teknik] Teknik Elektro
44,45,1-2,47-3011.00,"Helpers--Brickmasons, Blockmasons, Stonemasons, and Tile and Marble Setters",[Teknik] Teknik Sipil
44,45,4,17-2199.11,Solar Energy Systems Engineers,[Teknik] Teknik Industri
44,43,4,17-2031.00,Bioengineers and Biomedical Engineers,[Teknik] Teknik Industri
44,43,5,29-1141.04,Clinical Nurse Specialists,[Kesehatan] Keperawatan
44,43,1-2,39-3092.00,Costume Attendants,[Seni & Kreatif] Seni Rupa
44,43,4,17-2071.00,Electrical Engineers,[Teknik] Teknik Elektro
44,43,4,11-9013.00,"Farmers, Ranchers, and Other Agricultural Managers",[Bisnis & Administrasi] Bisnis / Manajemen
44,43,3,49-1011.00,"First-Line Supervisors of Mechanics, Installers, and Repairers",[Teknik] Teknik Mesin
44,43,3,29-2035.00,Magnetic Resonance Imaging Technologists,[Kesehatan] Kedokteran
44,43,4,19-5011.00,Occupational Health and Safety Specialists,[Kesehatan] Laboratorium
44,43,4,19-1031.02,Range Managers,[Kesehatan] Laboratorium
44,43,4,19-4099.03,Remote Sensing Technicians,[Kesehatan] Laboratorium
44,43,3,15-1241.01,Telecommunications Engineering Specialists,[Teknologi Informasi] Informatika / Ilmu Komputer
44,41,3,17-3021.00,Aerospace Engineering and Operations Technologists and Technicians,[Teknik] Teknik Mesin
44,41,4,17-2021.00,Agricultural Engineers,[Teknik] Teknik Industri
44,41,5,29-1211.00,Anesthesiologists,[Kesehatan] Kedokteran
44,41,4,19-2021.00,Atmospheric and Space Scientists,[Kesehatan] Laboratorium
44,41,4,11-3051.04,Biomass Power Plant Managers,[Bisnis & Administrasi] Bisnis / Manajemen
44,41,1-2,47-2011.00,Boilermakers,[Keselamatan & Transportasi] Kelautan
44,41,1-2,49-9091.00,"Coin, Vending, and Amusement Machine Servicers and Repairers",[Teknik] Teknik Mesin
44,41,4,15-1241.00,Computer Network Architects,[Teknologi Informasi] Informatika / Ilmu Komputer
44,41,1-2,47-2061.00,Construction Laborers,[Teknik] Teknik Sipil
44,41,1-2,31-9099.02,Endoscopy Technicians,[Kesehatan] Kedokteran
44,41,4,17-2199.03,"Energy Engineers, Except Wind and Solar",[Teknik] Teknik Industri
44,41,1-2,51-2031.00,Engine and Other Machine Assemblers,[Teknik] Teknik Industri
44,41,4,13-1041.01,Environmental Compliance Inspectors,[Bisnis & Administrasi] Bisnis / Manajemen
44,41,4,17-2141.01,Fuel Cell Engineers,[Teknik] Teknik Industri
44,41,1-2,47-2121.00,Glaziers,[Teknik] Teknik Sipil
44,41,5,29-1229.02,Hospitalists,[Kesehatan] Kedokteran
44,41,4,11-3051.00,Industrial Production Managers,[Bisnis & Administrasi] Bisnis / Manajemen
44,41,3,29-2061.00,Licensed Practical and Licensed Vocational Nurses,[Kesehatan] Keperawatan
44,41,4,17-2141.00,Mechanical Engineers,[Teknik] Teknik Mesin
44,41,3,49-3051.00,Motorboat Mechanics and Service Technicians,[Teknik] Teknik Mesin
44,41,5,17-2199.09,Nanosystems Engineers,[Teknik] Teknik Industri
44,41,5,29-1161.00,Nurse Midwives,[Kesehatan] Keperawatan
44,41,1-2,41-2022.00,Parts Salespersons,[Bisnis & Administrasi] Bisnis / Manajemen
44,41,3,51-7032.00,"Patternmakers, Wood",[Teknik] Teknik Industri
44,41,3,29-2052.00,Pharmacy Technicians,[Kesehatan] Farmasi
44,41,5,19-2012.00,Physicists,[Kesehatan] Laboratorium
44,41,3,33-3051.00,Police and Sheriff's Patrol Officers,[Keselamatan & Transportasi] Kepolisian
44,41,1-2,51-5113.00,Print Binding and Finishing Workers,[Teknik] Teknik Industri
44,41,4,29-1141.00,Registered Nurses,[Kesehatan] Keperawatan
44,41,1-2,51-6041.00,Shoe and Leather Workers and Repairers,[Teknik] Teknik Industri
44,41,3,51-8021.00,Stationary Engineers and Boiler Operators,[Keselamatan & Transportasi] Kelautan
44,41,1-2,53-7121.00,"Tank Car, Truck, and Ship Loaders",[Keselamatan & Transportasi] Kelautan
44,41,4,19-1023.00,Zoologists and Wildlife Biologists,[Kesehatan] Laboratorium
44,39,3,53-2022.00,Airfield Operations Specialists,[Keselamatan & Transportasi] Transportasi / Logistik
44,39,3,49-9012.00,"Control and Valve Installers and Repairers, Except Mechanical Door",[Teknik] Teknik Mesin
44,39,1-2,53-7011.00,Conveyor Operators and Tenders,[Keselamatan & Transportasi] Transportasi / Logistik
44,39,3,33-3051.04,Customs and Border Protection Officers,[Keselamatan & Transportasi] Kepolisian
44,39,3,29-2051.00,Dietetic Technicians,[Kesehatan] Kedokteran
44,39,3,47-1011.00,First-Line Supervisors of Construction Trades and Extraction Workers,[Teknik] Teknik Sipil
44,39,4,33-3031.00,Fish and Game Wardens,[Keselamatan & Transportasi] Kepolisian
44,39,1-2,45-4011.00,Forest and Conservation Workers,[Teknik] Teknik Industri
44,39,4,19-1032.00,Foresters,[Kesehatan] Laboratorium
44,39,1-2,11-9071.00,Gambling Managers,[Bisnis & Administrasi] Bisnis / Manajemen
44,39,4,19-3092.00,Geographers,[Kesehatan] Laboratorium
44,39,4,17-2112.00,Industrial Engineers,[Teknik] Teknik Industri
44,39,1-2,49-9094.00,Locksmiths and Safe Repairers,[Teknik] Teknik Mesin
44,39,4,19-2032.00,Materials Scientists,[Kesehatan] Laboratorium
44,39,1-2,43-5041.00,"Meter Readers, Utilities",[Bisnis & Administrasi] Administrasi
44,39,5,29-9099.01,Midwives,[Kesehatan] Kedokteran
44,39,1-2,51-9195.00,"Molders, Shapers, and Casters, Except Metal and Plastic",[Teknik] Teknik Industri
44,39,5,29-1299.01,Naturopathic Physicians,[Kesehatan] Kedokteran
44,39,3,19-4012.01,Precision Agriculture Technicians,[Kesehatan] Laboratorium
44,39,1-2,53-4031.00,Railroad Conductors and Yardmasters,[Keselamatan & Transportasi] Transportasi / Logistik
44,39,3,53-6041.00,Traffic Technicians,[Keselamatan & Transportasi] Transportasi / Logistik
44,39,3,33-3052.00,Transit and Railroad Police,[Keselamatan & Transportasi] Kepolisian
44,39,5,19-3051.00,Urban and Regional Planners,[Kesehatan] Laboratorium
44,39,4,11-9121.02,Water Resource Specialists,[Bisnis & Administrasi] Bisnis / Manajemen
44,37,1-2,51-9191.00,Adhesive Bonding Machine Operators and Tenders,[Teknik] Teknik Industri
44,37,4,19-1031.00,Conservation Scientists,[Kesehatan] Laboratorium
44,37,1-2,35-2012.00,"Cooks, Institution and Cafeteria",[Seni & Kreatif] Tata Boga
44,37,1-2,35-2015.00,"Cooks, Short Order",[Seni & Kreatif] Tata Boga
44,37,1-2,51-9194.00,Etchers and Engravers,[Teknik] Teknik Industri
44,37,1-2,47-5081.00,Helpers--Extraction Workers,[Teknik] Teknik Mesin
44,37,3,17-3026.00,Industrial Engineering Technologists and Technicians,[Teknik] Teknik Industri
44,37,1-2,53-7051.00,Industrial Truck and Tractor Operators,[Keselamatan & Transportasi] Transportasi / Logistik
44,37,1-2,51-4192.00,"Layout Workers, Metal and Plastic",[Teknik] Teknik Industri
44,37,3,51-4061.00,"Model Makers, Metal and Plastic",[Teknik] Teknik Industri
44,37,3,31-9097.00,Phlebotomists,[Kesehatan] Kedokteran
44,37,4,27-2012.00,Producers and Directors,[Seni & Kreatif] Seni Rupa
44,37,1-2,31-1133.00,Psychiatric Aides,[Kesehatan] Kedokteran
44,37,4,11-3013.01,Security Managers,[Bisnis & Administrasi] Bisnis / Manajemen
44,36,3,45-1011.00,"First-Line Supervisors of Farming, Fishing, and Forestry Workers",[Keselamatan & Transportasi] Kelautan
44,36,1-2,53-3033.00,Light Truck Drivers,[Keselamatan & Transportasi] Transportasi / Logistik
44,36,4,17-2151.00,"Mining and Geological Engineers, Including Mining Safety Engineers",[Teknik] Teknik Industri
44,36,1-2,47-2142.00,Paperhangers,[Teknik] Teknik Mesin
44,36,1-2,31-9095.00,Pharmacy Aides,[Kesehatan] Farmasi
44,36,1-2,27-2023.00,"Umpires, Referees, and Other Sports Officials",[Seni & Kreatif] Seni Rupa
44,36,1-2,43-5111.00,"Weighers, Measurers, Checkers, and Samplers, Recordkeeping",[Bisnis & Administrasi] Administrasi
44,34,1-2,49-3022.00,Automotive Glass Installers and Repairers,[Teknik] Teknik Mesin
44,34,1-2,33-3012.00,Correctional Officers and Jailers,[Keselamatan & Transportasi] Kepolisian
44,34,1-2,51-3022.00,"Meat, Poultry, and Fish Cutters and Trimmers",[Seni & Kreatif] Tata Boga
44,34,1-2,49-9096.00,Riggers,[Teknik] Teknik Mesin
44,34,1-2,47-5043.00,"Roof Bolters, Mining",[Teknik] Teknik Mesin
44,34,1-2,51-7041.00,"Sawing Machine Setters, Operators, and Tenders, Wood",[Teknik] Teknik Industri
44,34,1-2,43-5071.00,"Shipping, Receiving, and Inventory Clerks",[Keselamatan & Transportasi] Kelautan
44,34,1-2,37-3013.00,Tree Trimmers and Pruners,[Teknik] Teknik Sipil
44,32,1-2,47-2051.00,Cement Masons and Concrete Finishers,[Teknik] Teknik Sipil
44,32,1-2,41-9011.00,Demonstrators and Product Promoters,[Bisnis & Administrasi] Bisnis / Manajemen
44,32,1-2,51-6011.00,Laundry and Dry-Cleaning Workers,[Teknik] Teknik Industri
44,32,1-2,39-5092.00,Manicurists and Pedicurists,[Seni & Kreatif] Make Up Artist
44,32,1-2,51-6042.00,Shoe Machine Operators and Tenders,[Teknik] Teknik Industri
44,32,1-2,49-3093.00,Tire Repairers and Changers,[Teknik] Teknik Mesin
44,30,1-2,47-3016.00,Helpers--Roofers,[Teknik] Teknik Sipil
41,43,3,13-1022.00,"Wholesale and Retail Buyers, Except Farm Products",[Bisnis & Administrasi] Bisnis / Manajemen
41,41,3,17-3027.01,Automotive Engineering Technicians,[Teknik] Teknik Mesin
41,41,1-2,47-2031.00,Carpenters,[Teknik] Teknik Sipil
41,41,1-2,51-4032.00,"Drilling and Boring Machine Tool Setters, Operators, and Tenders, Metal and Plastic",[Teknik] Teknik Industri
41,41,3,47-4011.01,Energy Auditors,[Teknik] Teknik Mesin
41,41,5,19-1029.03,Geneticists,[Kesehatan] Laboratorium
41,41,5,19-2042.00,"Geoscientists, Except Hydrologists and Geographers",[Kesehatan] Laboratorium
41,41,3,29-2099.01,Neurodiagnostic Technologists,[Kesehatan] Kedokteran
41,39,5,29-1229.01,Allergists and Immunologists,[Kesehatan] Kedokteran
41,39,5,19-1011.00,Animal Scientists,[Kesehatan] Laboratorium
41,39,1-2,35-1012.00,First-Line Supervisors of Food Preparation and Serving Workers,[Seni & Kreatif] Tata Boga
41,39,1-2,47-3014.00,"Helpers--Painters, Paperhangers, Plasterers, and Stucco Masons",[Teknik] Teknik Sipil
41,39,3,51-7031.00,"Model Makers, Wood",[Teknik] Teknik Industri
41,39,5,29-2091.00,Orthotists and Prosthetists,[Kesehatan] Kedokteran
41,39,1-2,51-9196.00,"Paper Goods Machine Setters, Operators, and Tenders",[Teknik] Teknik Industri
41,39,4,17-2171.00,Petroleum Engineers,[Teknik] Teknik Industri
41,39,3,51-8012.00,Power Distributors and Dispatchers,[Teknik] Teknik Industri
41,39,3,41-9022.00,Real Estate Sales Agents,[Bisnis & Administrasi] Bisnis / Manajemen
41,39,1-2,53-6051.07,"Transportation Vehicle, Equipment and Systems Inspectors, Except Aviation",[Keselamatan & Transportasi] Penerbangan
41,37,1-2,45-2091.00,Agricultural Equipment Operators,[Teknik] Teknik Industri
41,37,5,25-4011.00,Archivists,[Sosial & Humaniora] Pendidikan / Mengajar
41,37,1-2,35-3011.00,Bartenders,[Seni & Kreatif] Tata Boga
41,37,5,19-1029.01,Bioinformatics Scientists,[Kesehatan] Laboratorium
41,37,4,13-1021.00,"Buyers and Purchasing Agents, Farm Products",[Bisnis & Administrasi] Bisnis / Manajemen
41,37,4,17-2051.00,Civil Engineers,[Teknik] Teknik Sipil
41,37,1-2,51-9031.00,"Cutters and Trimmers, Hand",[Teknik] Teknik Industri
41,37,4,27-3041.00,Editors,[Seni & Kreatif] Seni Rupa
41,37,3,17-3012.00,Electrical and Electronics Drafters,[Teknik] Teknik Elektro
41,37,4,19-2041.00,"Environmental Scientists and Specialists, Including Health",[Kesehatan] Laboratorium
41,37,1-2,45-2093.00,"Farmworkers, Farm, Ranch, and Aquacultural Animals",[Keselamatan & Transportasi] Kelautan
41,37,3,33-2022.00,Forest Fire Inspectors and Prevention Specialists,[Keselamatan & Transportasi] Pemadam Kebakaran
41,37,4,17-1022.01,Geodetic Surveyors,[Teknik] Teknik Industri
41,37,1-2,47-4051.00,Highway Maintenance Workers,[Teknik] Teknik Sipil
41,37,5,19-2043.00,Hydrologists,[Kesehatan] Laboratorium
41,37,4,13-1081.01,Logistics Engineers,[Bisnis & Administrasi] Bisnis / Manajemen
41,37,1-2,51-4072.00,"Molding, Coremaking, and Casting Machine Setters, Operators, and Tenders, Metal and Plastic",[Teknik] Teknik Industri
41,37,4,17-2161.00,Nuclear Engineers,[Teknik] Teknik Mesin
41,37,1-2,51-4023.00,"Rolling Machine Setters, Operators, and Tenders, Metal and Plastic",[Teknik] Teknik Industri
41,37,1-2,47-5071.00,"Roustabouts, Oil and Gas",[Teknik] Teknik Mesin
41,37,1-2,51-2092.00,Team Assemblers,[Teknik] Teknik Industri
41,36,4,25-2032.00,"Career/Technical Education Teachers, Secondary School",[Sosial & Humaniora] Pendidikan / Mengajar
41,36,1-2,51-6091.00,"Extruding and Forming Machine Setters, Operators, and Tenders, Synthetic and Glass Fibers",[Teknik] Teknik Industri
41,36,1-2,53-3032.00,Heavy and Tractor-Trailer Truck Drivers,[Keselamatan & Transportasi] Transportasi / Logistik
41,36,1-2,47-2132.00,"Insulation Workers, Mechanical",[Teknik] Teknik Sipil
41,36,1-2,51-4193.00,"Plating Machine Setters, Operators, and Tenders, Metal and Plastic",[Teknik] Teknik Industri
41,36,3,29-2034.00,Radiologic Technologists and Technicians,[Kesehatan] Kedokteran
41,36,1-2,49-9045.00,"Refractory Materials Repairers, Except Brickmasons",[Teknik] Teknik Mesin
41,36,4,13-1199.07,Security Management Specialists,[Bisnis & Administrasi] Bisnis / Manajemen
41,36,4,53-6051.00,Transportation Inspectors,[Keselamatan & Transportasi] Transportasi / Logistik
41,36,3,15-1254.00,Web Developers,[Teknologi Informasi] Informatika / Ilmu Komputer
41,36,1-2,51-4121.00,"Welders, Cutters, Solderers, and Brazers",[Teknik] Teknik Industri
41,36,1-2,51-7042.00,"Woodworking Machine Setters, Operators, and Tenders, Except Sawing",[Teknik] Teknik Industri
41,34,1-2,35-3023.01,Baristas,[Seni & Kreatif] Tata Boga
41,34,3,17-3022.00,Civil Engineering Technologists and Technicians,[Teknik] Teknik Sipil
41,34,4,13-1041.00,Compliance Officers,[Bisnis & Administrasi] Bisnis / Manajemen
41,34,4,15-1299.05,Information Security Engineers,[Teknologi Informasi] Informatika / Ilmu Komputer
41,34,4,11-9199.08,Loss Prevention Managers,[Bisnis & Administrasi] Bisnis / Manajemen
41,34,1-2,43-9071.00,"Office Machine Operators, Except Computer",[Bisnis & Administrasi] Administrasi
41,34,3,49-9064.00,Watch and Clock Repairers,[Teknik] Teknik Mesin
41,32,1-2,53-3031.00,Driver/Sales Workers,[Keselamatan & Transportasi] Transportasi / Logistik
41,32,5,29-1122.01,"Low Vision Therapists, Orientation and Mobility Specialists, and Vision Rehabilitation Therapists",[Kesehatan] Kedokteran
41,32,1-2,53-7065.00,Stockers and Order Fillers,[Keselamatan & Transportasi] Transportasi / Logistik
41,32,4,17-2051.01,Transportation Engineers,[Teknik] Teknik Sipil
41,30,1-2,49-3091.00,Bicycle Repairers,[Teknik] Teknik Mesin
41,30,4,27-2022.00,Coaches and Scouts,[Seni & Kreatif] Seni Rupa
41,30,4,25-2021.00,"Elementary School Teachers, Except Special Education",[Sosial & Humaniora] Pendidikan / Mengajar
41,30,1-2,51-3093.00,Food Cooking Machine Operators and Tenders,[Seni & Kreatif] Tata Boga
41,30,1-2,39-3011.00,Gambling Dealers,[Bisnis & Administrasi] Bisnis / Manajemen
41,29,1-2,39-1013.00,First-Line Supervisors of Gambling Services Workers,[Bisnis & Administrasi] Bisnis / Manajemen
41,27,1-2,37-2012.00,Maids and Housekeeping Cleaners,[Teknik] Teknik Sipil
41,27,1-2,53-6061.00,Passenger Attendants,[Keselamatan & Transportasi] Transportasi / Logistik
38,41,4,15-1231.00,Computer Network Support Specialists,[Teknologi Informasi] Informatika / Ilmu Komputer
38,41,5,29-1221.00,"Pediatricians, General",[Kesehatan] Kedokteran
38,39,5,29-9091.00,Athletic Trainers,[Kesehatan] Kedokteran
38,39,4,17-2061.00,Computer Hardware Engineers,[Teknik] Teknik Industri
38,39,1-2,33-1012.00,First-Line Supervisors of Police and Detectives,[Keselamatan & Transportasi] Kepolisian
38,39,1-2,49-3053.00,Outdoor Power Equipment and Other Small Engine Mechanics,[Teknik] Teknik Mesin
38,37,4,41-3011.00,Advertising Sales Agents,[Bisnis & Administrasi] Bisnis / Manajemen
38,37,1-2,51-4031.00,"Cutting, Punching, and Press Machine Setters, Operators, and Tenders, Metal and Plastic",[Teknik] Teknik Industri
38,37,1-2,47-2081.00,Drywall and Ceiling Tile Installers,[Teknik] Teknik Mesin
38,37,1-2,53-2031.00,Flight Attendants,[Keselamatan & Transportasi] Transportasi / Logistik
38,37,1-2,47-2043.00,Floor Sanders and Finishers,[Teknik] Teknik Mesin
38,37,3,29-2092.00,Hearing Aid Specialists,[Kesehatan] Kedokteran
38,37,5,29-1023.00,Orthodontists,[Kesehatan] Kedokteran
38,37,1-2,51-9111.00,Packaging and Filling Machine Operators and Tenders,[Teknik] Teknik Industri
38,37,4,19-2099.01,Remote Sensing Scientists and Technologists,[Kesehatan] Laboratorium
38,36,4,13-2023.00,Appraisers and Assessors of Real Estate,[Bisnis & Administrasi] Bisnis / Manajemen
38,36,3,33-3021.00,Detectives and Criminal Investigators,[Keselamatan & Transportasi] Kepolisian
38,36,5,25-1032.00,"Engineering Teachers, Postsecondary",[Sosial & Humaniora] Pendidikan / Mengajar
38,36,4,17-2081.00,Environmental Engineers,[Teknik] Teknik Industri
38,36,5,19-1041.00,Epidemiologists,[Kesehatan] Laboratorium
38,36,1-2,41-1011.00,First-Line Supervisors of Retail Sales Workers,[Bisnis & Administrasi] Bisnis / Manajemen
38,36,3,11-9171.00,Funeral Home Managers,[Kesehatan] Kedokteran
38,36,4,29-2036.00,Medical Dosimetrists,[Kesehatan] Kedokteran
38,36,4,41-9031.00,Sales Engineers,[Bisnis & Administrasi] Bisnis / Manajemen
38,36,1-2,47-2211.00,Sheet Metal Workers,[Teknik] Teknik Sipil
38,36,1-2,53-3053.00,Shuttle Drivers and Chauffeurs,[Keselamatan & Transportasi] Transportasi / Logistik
38,34,3,39-5011.00,Barbers,[Seni & Kreatif] Make Up Artist
38,34,4,15-2099.01,Bioinformatics Technicians,[Teknologi Informasi] Informatika / Ilmu Komputer
38,34,1-2,39-9011.00,Childcare Workers,[Sosial & Humaniora] Pendidikan / Mengajar
38,34,4,15-1211.00,Computer Systems Analysts,[Teknologi Informasi] Informatika / Ilmu Komputer
38,34,3,53-1043.00,First-Line Supervisors of Material-Moving Machine and Vehicle Operators,[Keselamatan & Transportasi] Transportasi / Logistik
38,34,1-2,51-4033.00,"Grinding, Lapping, Polishing, and Buffing Machine Tool Setters, Operators, and Tenders, Metal and Plastic",[Teknik] Teknik Industri
38,34,1-2,47-3012.00,Helpers--Carpenters,[Teknik] Teknik Sipil
38,34,1-2,51-9198.00,Helpers--Production Workers,[Teknik] Teknik Industri
38,34,1-2,53-7062.00,"Laborers and Freight, Stock, and Material Movers, Hand",[Keselamatan & Transportasi] Transportasi / Logistik
38,34,5,29-1229.04,Physical Medicine and Rehabilitation Physicians,[Kesehatan] Kedokteran
38,34,1-2,11-9131.00,Postmasters and Mail Superintendents,[Bisnis & Administrasi] Bisnis / Manajemen
38,34,1-2,47-2181.00,Roofers,[Teknik] Teknik Sipil
38,34,1-2,47-4091.00,Segmental Pavers,[Teknik] Teknik Mesin
38,34,3,27-4014.00,Sound Engineering Technicians,[Seni & Kreatif] Multimedia / Film
38,34,3,31-9099.01,Speech-Language Pathology Assistants,[Kesehatan] Laboratorium
38,34,4,17-2112.02,Validation Engineers,[Teknik] Teknik Industri
38,32,1-2,51-9032.00,"Cutting and Slicing Machine Setters, Operators, and Tenders",[Teknik] Teknik Industri
38,32,1-2,53-7031.00,Dredge Operators,[Keselamatan & Transportasi] Transportasi / Logistik
38,32,1-2,43-5011.01,Freight Forwarders,[Bisnis & Administrasi] Administrasi
38,32,5,23-1012.00,Judicial Law Clerks,[Sosial & Humaniora] Hukum
38,32,1-2,43-4151.00,Order Clerks,[Bisnis & Administrasi] Administrasi
38,32,3,25-2011.00,"Preschool Teachers, Except Special Education",[Sosial & Humaniora] Pendidikan / Mengajar
38,32,1-2,51-9197.00,Tire Builders,[Teknik] Teknik Industri
38,30,4,25-2023.00,"Career/Technical Education Teachers, Middle School",[Sosial & Humaniora] Pendidikan / Mengajar
38,30,1-2,51-9162.00,Computer Numerically Controlled Tool Programmers,[Teknik] Teknik Elektro
38,30,1-2,37-1011.00,First-Line Supervisors of Housekeeping and Janitorial Workers,[Teknik] Teknik Sipil
38,30,1-2,53-7063.00,Machine Feeders and Offbearers,[Keselamatan & Transportasi] Transportasi / Logistik
38,30,4,29-1129.02,Music Therapists,[Kesehatan] Kedokteran
38,30,5,29-1122.00,Occupational Therapists,[Kesehatan] Kedokteran
38,30,3,11-9179.02,Spa Managers,[Bisnis & Administrasi] Bisnis / Manajemen
38,30,4,11-3071.04,Supply Chain Managers,[Bisnis & Administrasi] Bisnis / Manajemen
38,29,1-2,53-3011.00,"Ambulance Drivers and Attendants, Except Emergency Medical Technicians",[Keselamatan & Transportasi] Transportasi / Logistik
38,29,1-2,51-4071.00,Foundry Mold and Coremakers,[Teknik] Teknik Industri
38,29,1-2,39-3031.00,"Ushers, Lobby Attendants, and Ticket Takers",[Bisnis & Administrasi] Bisnis / Manajemen
38,27,1-2,45-2041.00,"Graders and Sorters, Agricultural Products",[Teknik] Teknik Industri
35,41,3,11-9199.09,Wind Energy Operations Managers,[Bisnis & Administrasi] Bisnis / Manajemen
35,37,5,29-1216.00,General Internal Medicine Physicians,[Kesehatan] Kedokteran
35,37,1-2,51-9195.03,"Stone Cutters and Carvers, Manufacturing",[Teknik] Teknik Industri
35,36,1-2,53-6011.00,Bridge and Lock Tenders,[Keselamatan & Transportasi] Transportasi / Logistik
35,36,4,21-1094.00,Community Health Workers,[Sosial & Humaniora] Psikologi
35,36,3,51-4041.00,Machinists,[Teknik] Teknik Industri
35,34,5,29-1141.02,Advanced Practice Psychiatric Nurses,[Kesehatan] Keperawatan
35,34,4,11-9199.11,Brownfield Redevelopment Specialists and Site Managers,[Bisnis & Administrasi] Bisnis / Manajemen
35,34,4,11-3021.00,Computer and Information Systems Managers,[Bisnis & Administrasi] Bisnis / Manajemen
35,34,5,29-1031.00,Dietitians and Nutritionists,[Kesehatan] Kedokteran
35,34,3,11-3013.00,Facilities Managers,[Bisnis & Administrasi] Bisnis / Manajemen
35,34,4,19-3099.01,Transportation Planners,[Kesehatan] Laboratorium
35,32,1-2,37-3011.00,Landscaping and Groundskeeping Workers,[Teknik] Teknik Sipil
35,32,5,25-1072.00,"Nursing Instructors and Teachers, Postsecondary",[Sosial & Humaniora] Pendidikan / Mengajar
35,32,4,17-2072.01,Radio Frequency Identification Device Specialists,[Teknik] Teknik Industri
35,32,1-2,47-2082.00,Tapers,[Teknik] Teknik Mesin
35,32,4,11-3071.00,"Transportation, Storage, and Distribution Managers",[Bisnis & Administrasi] Bisnis / Manajemen
35,30,1-2,45-2021.00,Animal Breeders,[Teknik] Teknik Industri
35,30,1-2,39-2011.00,Animal Trainers,[Bisnis & Administrasi] Bisnis / Manajemen
35,30,1-2,51-9192.00,"Cleaning, Washing, and Metal Pickling Equipment Operators and Tenders",[Teknik] Teknik Industri
35,30,4,11-9121.01,Clinical Research Coordinators,[Bisnis & Administrasi] Bisnis / Manajemen
35,30,1-2,45-2092.00,"Farmworkers and Laborers, Crop, Nursery, and Greenhouse",[Teknik] Teknik Industri
35,30,1-2,33-9031.00,Gambling Surveillance Officers and Gambling Investigators,[Keselamatan & Transportasi] Kepolisian
35,30,3,15-1299.02,Geographic Information Systems Technologists and Technicians,[Teknologi Informasi] Informatika / Ilmu Komputer
35,30,4,13-1121.00,"Meeting, Convention, and Event Planners",[Bisnis & Administrasi] Bisnis / Manajemen
35,30,5,29-1123.00,Physical Therapists,[Kesehatan] Kedokteran
35,30,4,11-9151.00,Social and Community Service Managers,[Bisnis & Administrasi] Bisnis / Manajemen
35,30,4,25-2056.00,"Special Education Teachers, Elementary School",[Sosial & Humaniora] Pendidikan / Mengajar
35,30,3,51-4111.00,Tool and Die Makers,[Teknik] Teknik Industri
35,30,4,15-1299.01,Web Administrators,[Teknologi Informasi] Informatika / Ilmu Komputer
35,29,1-2,27-2021.00,Athletes and Sports Competitors,[Seni & Kreatif] Seni Rupa
35,29,1-2,51-3092.00,Food Batchmakers,[Seni & Kreatif] Tata Boga
35,29,1-2,39-3012.00,Gambling and Sports Book Writers and Runners,[Bisnis & Administrasi] Bisnis / Manajemen
35,29,4,25-2012.00,"Kindergarten Teachers, Except Special Education",[Sosial & Humaniora] Pendidikan / Mengajar
35,29,3,31-1131.00,Nursing Assistants,[Kesehatan] Keperawatan
35,29,1-2,47-2071.00,"Paving, Surfacing, and Tamping Equipment Operators",[Teknik] Teknik Sipil
35,29,1-2,33-9099.02,Retail Loss Prevention Specialists,[Keselamatan & Transportasi] Kepolisian
35,29,1-2,39-5093.00,Shampooers,[Seni & Kreatif] Make Up Artist
35,27,5,29-1181.00,Audiologists,[Seni & Kreatif] Multimedia / Film
35,27,1-2,53-7061.00,Cleaners of Vehicles and Equipment,[Keselamatan & Transportasi] Transportasi / Logistik
35,27,4,11-9081.00,Lodging Managers,[Bisnis & Administrasi] Bisnis / Manajemen
35,27,1-2,47-2171.00,Reinforcing Iron and Rebar Workers,[Teknik] Teknik Mesin
31,36,1-2,41-2012.00,Gambling Change Persons and Booth Cashiers,[Bisnis & Administrasi] Bisnis / Manajemen
31,36,1-2,31-9096.00,Veterinary Assistants and Laboratory Animal Caretakers,[Kesehatan] Laboratorium
31,34,3,51-1011.00,First-Line Supervisors of Production and Operating Workers,[Teknik] Teknik Industri
31,34,3,13-1032.00,"Insurance Appraisers, Auto Damage",[Bisnis & Administrasi] Bisnis / Manajemen
31,34,1-2,43-5031.00,Public Safety Telecommunicators,[Bisnis & Administrasi] Administrasi
31,32,1-2,13-1074.00,Farm Labor Contractors,[Bisnis & Administrasi] Bisnis / Manajemen
31,32,1-2,51-4022.00,"Forging Machine Setters, Operators, and Tenders, Metal and Plastic",[Teknik] Teknik Industri
31,32,1-2,31-1121.00,Home Health Aides,[Kesehatan] Kedokteran
31,32,5,17-2112.01,Human Factors Engineers and Ergonomists,[Teknik] Teknik Industri
31,32,4,27-2012.03,Media Programming Directors,[Seni & Kreatif] Multimedia / Film
31,32,3,49-3052.00,Motorcycle Mechanics,[Teknik] Teknik Mesin
31,32,1-2,51-6021.00,"Pressers, Textile, Garment, and Related Materials",[Teknik] Teknik Industri
31,32,4,25-3031.00,"Substitute Teachers, Short-Term",[Sosial & Humaniora] Pendidikan / Mengajar
31,32,1-2,43-3071.00,Tellers,[Bisnis & Administrasi] Administrasi
31,32,1-2,35-3031.00,Waiters and Waitresses,[Seni & Kreatif] Tata Boga
31,30,5,25-1052.00,"Chemistry Teachers, Postsecondary",[Sosial & Humaniora] Pendidikan / Mengajar
31,30,1-2,43-5021.00,Couriers and Messengers,[Bisnis & Administrasi] Administrasi
31,30,1-2,43-9051.00,"Mail Clerks and Mail Machine Operators, Except Postal Service",[Bisnis & Administrasi] Administrasi
31,30,1-2,41-9012.00,Models,[Bisnis & Administrasi] Bisnis / Manajemen
31,30,3,41-4011.07,Solar Sales Representatives and Assessors,[Bisnis & Administrasi] Bisnis / Manajemen
31,30,1-2,51-4122.00,"Welding, Soldering, and Brazing Machine Setters, Operators, and Tenders",[Teknik] Teknik Industri
31,30,4,11-9199.10,Wind Energy Development Managers,[Bisnis & Administrasi] Bisnis / Manajemen
31,29,5,19-3039.03,Clinical Neuropsychologists,[Sosial & Humaniora] Psikologi
31,29,1-2,51-4035.00,"Milling and Planing Machine Setters, Operators, and Tenders, Metal and Plastic",[Teknik] Teknik Industri
31,29,1-2,43-4181.00,Reservation and Transportation Ticket Agents and Travel Clerks,[Bisnis & Administrasi] Administrasi
31,29,4,25-2058.00,"Special Education Teachers, Secondary School",[Sosial & Humaniora] Pendidikan / Mengajar
31,29,3,25-9043.00,"Teaching Assistants, Special Education",[Sosial & Humaniora] Pendidikan / Mengajar
31,29,4,27-3042.00,Technical Writers,[Seni & Kreatif] Seni Rupa
31,27,3,15-1232.00,Computer User Support Specialists,[Teknologi Informasi] Informatika / Ilmu Komputer
31,27,3,33-1011.00,First-Line Supervisors of Correctional Officers,[Keselamatan & Transportasi] Kepolisian
31,27,1-2,35-2021.00,Food Preparation Workers,[Seni & Kreatif] Tata Boga
31,25,3,25-9042.00,"Teaching Assistants, Preschool, Elementary, Middle, and Secondary School, Except Special Education",[Sosial & Humaniora] Pendidikan / Mengajar
28,36,1-2,51-2021.00,"Coil Winders, Tapers, and Finishers",[Teknik] Teknik Industri
28,36,5,29-9092.00,Genetic Counselors,[Kesehatan] Kedokteran
28,34,4,17-2051.02,Water/Wastewater Engineers,[Teknik] Teknik Industri
28,32,5,25-1031.00,"Architecture Teachers, Postsecondary",[Sosial & Humaniora] Pendidikan / Mengajar
28,32,5,25-1071.00,"Health Specialties Teachers, Postsecondary",[Sosial & Humaniora] Pendidikan / Mengajar
28,32,1-2,47-2131.00,"Insulation Workers, Floor, Ceiling, and Wall",[Teknik] Teknik Sipil
28,32,3,37-2011.00,"Janitors and Cleaners, Except Maids and Housekeeping Cleaners",[Teknik] Teknik Sipil
28,32,3,39-4031.00,"Morticians, Undertakers, and Funeral Arrangers",[Kesehatan] Kedokteran
28,32,5,25-1054.00,"Physics Teachers, Postsecondary",[Sosial & Humaniora] Pendidikan / Mengajar
28,32,4,17-2199.10,Wind Energy Engineers,[Teknik] Teknik Industri
28,30,4,15-1299.03,Document Management Specialists,[Teknologi Informasi] Informatika / Ilmu Komputer
28,30,1-2,47-2042.00,"Floor Layers, Except Carpet, Wood, and Hard Tiles",[Teknik] Teknik Mesin
28,30,4,21-1091.00,Health Education Specialists,[Sosial & Humaniora] Psikologi
28,30,4,33-3021.06,Intelligence Analysts,[Keselamatan & Transportasi] Kepolisian
28,30,3,31-2021.00,Physical Therapist Assistants,[Kesehatan] Kedokteran
28,30,5,29-1229.05,Preventive Medicine Physicians,[Kesehatan] Kedokteran
28,30,1-2,51-2041.00,Structural Metal Fabricators and Fitters,[Teknik] Teknik Industri
28,29,3,25-1194.00,"Career/Technical Education Teachers, Postsecondary",[Sosial & Humaniora] Pendidikan / Mengajar
28,29,1-2,43-5011.00,Cargo and Freight Agents,[Bisnis & Administrasi] Administrasi
28,29,5,11-1011.03,Chief Sustainability Officers,[Bisnis & Administrasi] Bisnis / Manajemen
28,29,4,21-1021.00,"Child, Family, and School Social Workers",[Sosial & Humaniora] Psikologi
28,29,3,27-2032.00,Choreographers,[Seni & Kreatif] Seni Rupa
28,29,5,19-2041.01,Climate Change Policy Analysts,[Kesehatan] Laboratorium
28,29,1-2,35-2011.00,"Cooks, Fast Food",[Seni & Kreatif] Tata Boga
28,29,4,29-1128.00,Exercise Physiologists,[Kesehatan] Kedokteran
28,29,1-2,11-9051.00,Food Service Managers,[Bisnis & Administrasi] Bisnis / Manajemen
28,29,4,11-2033.00,Fundraising Managers,[Bisnis & Administrasi] Bisnis / Manajemen
28,29,1-2,51-9051.00,"Furnace, Kiln, Oven, Drier, and Kettle Operators and Tenders",[Teknik] Teknik Industri
28,29,1-2,43-4081.00,"Hotel, Motel, and Resort Desk Clerks",[Bisnis & Administrasi] Administrasi
28,29,4,25-2022.00,"Middle School Teachers, Except Special and Career/Technical Education",[Sosial & Humaniora] Pendidikan / Mengajar
28,29,1-2,43-9061.00,"Office Clerks, General",[Bisnis & Administrasi] Administrasi
28,29,4,13-1199.06,Online Merchants,[Bisnis & Administrasi] Bisnis / Manajemen
28,29,3,29-2099.08,Patient Representatives,[Kesehatan] Kedokteran
28,29,1-2,31-1122.00,Personal Care Aides,[Kesehatan] Kedokteran
28,29,1-2,43-5051.00,Postal Service Clerks,[Bisnis & Administrasi] Administrasi
28,29,3,33-9021.00,Private Detectives and Investigators,[Keselamatan & Transportasi] Kepolisian
28,29,1-2,43-5061.00,"Production, Planning, and Expediting Clerks",[Bisnis & Administrasi] Administrasi
28,29,4,13-1023.00,"Purchasing Agents, Except Wholesale, Retail, and Farm Products",[Bisnis & Administrasi] Bisnis / Manajemen
28,29,1-2,53-1042.01,Recycling Coordinators,[Keselamatan & Transportasi] Transportasi / Logistik
28,29,3,39-9041.00,Residential Advisors,[Sosial & Humaniora] Pendidikan / Mengajar
28,29,1-2,41-2031.00,Retail Salespersons,[Bisnis & Administrasi] Bisnis / Manajemen
28,29,4,41-4011.00,"Sales Representatives, Wholesale and Manufacturing, Technical and Scientific Products",[Bisnis & Administrasi] Bisnis / Manajemen
28,29,4,27-2012.04,Talent Directors,[Seni & Kreatif] Seni Rupa
28,29,4,11-3131.00,Training and Development Managers,[Bisnis & Administrasi] Bisnis / Manajemen
28,29,1-2,39-7012.00,Travel Guides,[Sosial & Humaniora] Ilmu Komunikasi
28,27,1-2,41-2011.00,Cashiers,[Bisnis & Administrasi] Bisnis / Manajemen
28,27,3,27-2031.00,Dancers,[Seni & Kreatif] Seni Rupa
28,27,1-2,35-9011.00,Dining Room and Cafeteria Attendants and Bartender Helpers,[Seni & Kreatif] Tata Boga
28,27,5,11-9032.00,"Education Administrators, Kindergarten through Secondary",[Bisnis & Administrasi] Bisnis / Manajemen
28,27,3,43-1011.00,First-Line Supervisors of Office and Administrative Support Workers,[Bisnis & Administrasi] Administrasi
28,27,1-2,35-3041.00,"Food Servers, Nonrestaurant",[Seni & Kreatif] Tata Boga
28,27,4,15-1212.00,Information Security Analysts,[Teknologi Informasi] Informatika / Ilmu Komputer
28,27,1-2,43-9041.00,Insurance Claims and Policy Processing Clerks,[Bisnis & Administrasi] Administrasi
28,27,5,21-1023.00,Mental Health and Substance Abuse Social Workers,[Sosial & Humaniora] Psikologi
28,27,4,27-2042.00,Musicians and Singers,[Seni & Kreatif] Seni Rupa
28,27,5,19-3039.02,Neuropsychologists,[Sosial & Humaniora] Psikologi
28,27,1-2,53-7064.00,"Packers and Packagers, Hand",[Keselamatan & Transportasi] Transportasi / Logistik
28,27,4,11-3061.00,Purchasing Managers,[Bisnis & Administrasi] Bisnis / Manajemen
28,27,5,25-2051.00,"Special Education Teachers, Preschool",[Sosial & Humaniora] Pendidikan / Mengajar
28,27,4,13-1199.05,Sustainability Specialists,[Bisnis & Administrasi] Bisnis / Manajemen
28,25,4,13-1031.00,"Claims Adjusters, Examiners, and Investigators",[Bisnis & Administrasi] Bisnis / Manajemen
28,25,4,15-1243.01,Data Warehousing Specialists,[Teknologi Informasi] Informatika / Ilmu Komputer
28,25,5,19-3032.00,Industrial-Organizational Psychologists,[Sosial & Humaniora] Psikologi
28,25,5,25-9031.00,Instructional Coordinators,[Sosial & Humaniora] Pendidikan / Mengajar
28,25,5,11-3031.03,Investment Fund Managers,[Bisnis & Administrasi] Bisnis / Manajemen
28,25,3,43-4131.00,Loan Interviewers and Clerks,[Bisnis & Administrasi] Administrasi
28,23,1-2,47-2072.00,Pile Driver Operators,[Teknik] Teknik Mesin
28,23,4,39-9032.00,Recreation Workers,[Sosial & Humaniora] Pendidikan / Mengajar
28,23,4,27-3043.00,Writers and Authors,[Seni & Kreatif] Seni Rupa
28,21,3,33-3011.00,Bailiffs,[Keselamatan & Transportasi] Kepolisian
28,21,5,25-1064.00,"Geography Teachers, Postsecondary",[Sosial & Humaniora] Pendidikan / Mengajar
25,32,5,25-9021.00,Farm and Home Management Educators,[Sosial & Humaniora] Pendidikan / Mengajar
25,30,5,25-2059.01,Adapted Physical Education Specialists,[Sosial & Humaniora] Pendidikan / Mengajar
25,30,4,11-9031.00,"Education and Childcare Administrators, Preschool and Daycare",[Sosial & Humaniora] Pendidikan / Mengajar
25,30,1-2,51-4034.00,"Lathe and Turning Machine Tool Setters, Operators, and Tenders, Metal and Plastic",[Teknik] Teknik Industri
25,30,4,11-9111.00,Medical and Health Services Managers,[Bisnis & Administrasi] Bisnis / Manajemen
25,30,3,29-2053.00,Psychiatric Technicians,[Kesehatan] Kedokteran
25,29,5,29-1291.00,Acupuncturists,[Kesehatan] Kedokteran
25,29,3,11-3012.00,Administrative Services Managers,[Bisnis & Administrasi] Bisnis / Manajemen
25,29,4,25-3011.00,"Adult Basic Education, Adult Secondary Education, and English as a Second Language Instructors",[Sosial & Humaniora] Pendidikan / Mengajar
25,29,1-2,39-2021.00,Animal Caretakers,[Bisnis & Administrasi] Bisnis / Manajemen
25,29,1-2,33-9011.00,Animal Control Workers,[Keselamatan & Transportasi] Kepolisian
25,29,1-2,39-6011.00,Baggage Porters and Bellhops,[Keselamatan & Transportasi] Transportasi / Logistik
25,29,5,25-1042.00,"Biological Science Teachers, Postsecondary",[Sosial & Humaniora] Pendidikan / Mengajar
25,29,5,11-1011.00,Chief Executives,[Bisnis & Administrasi] Bisnis / Manajemen
25,29,5,19-3033.00,Clinical and Counseling Psychologists,[Sosial & Humaniora] Psikologi
25,29,5,15-1221.00,Computer and Information Research Scientists,[Teknologi Informasi] Informatika / Ilmu Komputer
25,29,4,15-1251.00,Computer Programmers,[Teknologi Informasi] Informatika / Ilmu Komputer
25,29,1-2,41-2021.00,Counter and Rental Clerks,[Bisnis & Administrasi] Bisnis / Manajemen
25,29,4,11-9072.00,"Entertainment and Recreation Managers, Except Gambling",[Bisnis & Administrasi] Bisnis / Manajemen
25,29,5,19-3011.01,Environmental Economists,[Kesehatan] Laboratorium
25,29,5,25-1192.00,"Family and Consumer Sciences Teachers, Postsecondary",[Sosial & Humaniora] Pendidikan / Mengajar
25,29,5,15-1211.01,Health Informatics Specialists,[Teknologi Informasi] Informatika / Ilmu Komputer
25,29,4,15-1299.09,Information Technology Project Managers,[Teknologi Informasi] Informatika / Ilmu Komputer
25,29,4,27-3091.00,Interpreters and Translators,[Seni & Kreatif] Seni Rupa
25,29,3,25-4031.00,Library Technicians,[Sosial & Humaniora] Pendidikan / Mengajar
25,29,4,13-1081.02,Logistics Analysts,[Bisnis & Administrasi] Bisnis / Manajemen
25,29,1-2,39-9011.01,Nannies,[Bisnis & Administrasi] Bisnis / Manajemen
25,29,1-2,31-2022.00,Physical Therapist Aides,[Kesehatan] Kedokteran
25,29,1-2,47-2151.00,Pipelayers,[Teknik] Teknik Mesin
25,29,1-2,43-5053.00,"Postal Service Mail Sorters, Processors, and Processing Machine Operators",[Bisnis & Administrasi] Administrasi
25,29,1-2,43-4171.00,Receptionists and Information Clerks,[Bisnis & Administrasi] Administrasi
25,29,4,13-1041.07,Regulatory Affairs Specialists,[Bisnis & Administrasi] Bisnis / Manajemen
25,29,4,13-1161.01,Search Marketing Strategists,[Bisnis & Administrasi] Bisnis / Manajemen
25,29,4,25-2031.00,"Secondary School Teachers, Except Special and Career/Technical Education",[Sosial & Humaniora] Pendidikan / Mengajar
25,29,4,15-1252.00,Software Developers,[Teknologi Informasi] Informatika / Ilmu Komputer
25,29,4,25-2057.00,"Special Education Teachers, Middle School",[Sosial & Humaniora] Pendidikan / Mengajar
25,29,4,13-1151.00,Training and Development Specialists,[Bisnis & Administrasi] Bisnis / Manajemen
25,27,1-2,27-2011.00,Actors,[Seni & Kreatif] Seni Rupa
25,27,3,43-4011.00,Brokerage Clerks,[Bisnis & Administrasi] Administrasi
25,27,4,13-1199.04,Business Continuity Planners,[Bisnis & Administrasi] Bisnis / Manajemen
25,27,1-2,33-9091.00,Crossing Guards and Flaggers,[Keselamatan & Transportasi] Kepolisian
25,27,1-2,43-4051.00,Customer Service Representatives,[Bisnis & Administrasi] Administrasi
25,27,3,13-1041.08,Customs Brokers,[Bisnis & Administrasi] Bisnis / Manajemen
25,27,1-2,47-4031.00,Fence Erectors,[Teknik] Teknik Mesin
25,27,1-2,43-4071.00,File Clerks,[Bisnis & Administrasi] Administrasi
25,27,5,13-2099.01,Financial Quantitative Analysts,[Bisnis & Administrasi] Bisnis / Manajemen
25,27,1-2,53-1042.00,"First-Line Supervisors of Helpers, Laborers, and Material Movers, Hand",[Keselamatan & Transportasi] Transportasi / Logistik
25,27,4,13-2099.04,"Fraud Examiners, Investigators and Analysts",[Bisnis & Administrasi] Bisnis / Manajemen
25,27,1-2,43-4121.00,"Library Assistants, Clerical",[Bisnis & Administrasi] Administrasi
25,27,5,11-9121.00,Natural Sciences Managers,[Bisnis & Administrasi] Bisnis / Manajemen
25,27,1-2,43-5052.00,Postal Service Mail Carriers,[Bisnis & Administrasi] Administrasi
25,27,5,25-1193.00,"Recreation and Fitness Studies Teachers, Postsecondary",[Sosial & Humaniora] Pendidikan / Mengajar
25,27,4,43-9111.00,Statistical Assistants,[Bisnis & Administrasi] Administrasi
25,27,5,21-1011.00,Substance Abuse and Behavioral Disorder Counselors,[Sosial & Humaniora] Psikologi
25,27,3,25-3041.00,Tutors,[Sosial & Humaniora] Pendidikan / Mengajar
25,25,4,15-2011.00,Actuaries,[Teknologi Informasi] Informatika / Ilmu Komputer
25,25,4,27-3011.00,Broadcast Announcers and Radio Disc Jockeys,[Seni & Kreatif] Multimedia / Film
25,25,4,13-2031.00,Budget Analysts,[Bisnis & Administrasi] Bisnis / Manajemen
25,25,3,15-1299.08,Computer Systems Engineers/Architects,[Teknologi Informasi] Informatika / Ilmu Komputer
25,25,5,11-9033.00,"Education Administrators, Postsecondary",[Bisnis & Administrasi] Bisnis / Manajemen
25,25,1-2,35-3023.00,Fast Food and Counter Workers,[Seni & Kreatif] Tata Boga
25,25,4,13-2061.00,Financial Examiners,[Bisnis & Administrasi] Bisnis / Manajemen
25,25,3,39-1022.00,First-Line Supervisors of Personal Service Workers,[Bisnis & Administrasi] Bisnis / Manajemen
25,25,5,25-1043.00,"Forestry and Conservation Science Teachers, Postsecondary",[Sosial & Humaniora] Pendidikan / Mengajar
25,25,1-2,39-4021.00,Funeral Attendants,[Kesehatan] Kedokteran
25,25,1-2,47-3015.00,"Helpers--Pipelayers, Plumbers, Pipefitters, and Steamfitters",[Teknik] Teknik Sipil
25,25,4,13-2053.00,Insurance Underwriters,[Bisnis & Administrasi] Bisnis / Manajemen
25,25,3,43-4111.00,"Interviewers, Except Eligibility and Loan",[Bisnis & Administrasi] Administrasi
25,25,4,13-1081.00,Logisticians,[Bisnis & Administrasi] Bisnis / Manajemen
25,25,4,13-1161.00,Market Research Analysts and Marketing Specialists,[Bisnis & Administrasi] Bisnis / Manajemen
25,25,4,27-3023.00,"News Analysts, Reporters, and Journalists",[Seni & Kreatif] Seni Rupa
25,25,3,31-2011.00,Occupational Therapy Assistants,[Kesehatan] Kedokteran
25,25,4,27-3031.00,Public Relations Specialists,[Seni & Kreatif] Seni Rupa
25,25,3,25-3021.00,Self-Enrichment Teachers,[Sosial & Humaniora] Pendidikan / Mengajar
25,25,4,21-1093.00,Social and Human Service Assistants,[Sosial & Humaniora] Psikologi
25,25,4,19-4061.00,Social Science Research Assistants,[Kesehatan] Laboratorium
25,23,4,11-9199.02,Compliance Managers,[Bisnis & Administrasi] Bisnis / Manajemen
25,23,1-2,43-9021.00,Data Entry Keyers,[Bisnis & Administrasi] Administrasi
25,23,1-2,43-3041.00,Gambling Cage Workers,[Bisnis & Administrasi] Administrasi
25,23,5,19-3093.00,Historians,[Kesehatan] Laboratorium
25,23,1-2,31-1132.00,Orderlies,[Kesehatan] Kedokteran
25,23,3,23-2011.00,Paralegals and Legal Assistants,[Sosial & Humaniora] Hukum
25,23,4,11-9199.01,Regulatory Affairs Managers,[Bisnis & Administrasi] Bisnis / Manajemen
25,23,4,11-2022.00,Sales Managers,[Bisnis & Administrasi] Bisnis / Manajemen
25,23,5,29-1127.00,Speech-Language Pathologists,[Kesehatan] Kedokteran
25,23,1-2,53-7073.00,Wellhead Pumpers,[Keselamatan & Transportasi] Transportasi / Logistik
25,21,1-2,43-3011.00,Bill and Account Collectors,[Bisnis & Administrasi] Administrasi
25,21,5,21-2011.00,Clergy,[Sosial & Humaniora] Psikologi
25,21,5,25-1021.00,"Computer Science Teachers, Postsecondary",[Sosial & Humaniora] Pendidikan / Mengajar
25,21,4,15-1243.00,Database Architects,[Teknologi Informasi] Informatika / Ilmu Komputer
25,21,4,11-9179.01,Fitness and Wellness Coordinators,[Bisnis & Administrasi] Bisnis / Manajemen
25,21,3,43-6012.00,Legal Secretaries and Administrative Assistants,[Bisnis & Administrasi] Administrasi
25,21,5,25-4022.00,Librarians and Media Collections Specialists,[Sosial & Humaniora] Pendidikan / Mengajar
25,21,1-2,43-6014.00,"Secretaries and Administrative Assistants, Except Legal, Medical, and Executive",[Bisnis & Administrasi] Administrasi
25,20,4,21-2021.00,"Directors, Religious Activities and Education",[Sosial & Humaniora] Psikologi
25,20,1-2,43-3061.00,Procurement Clerks,[Bisnis & Administrasi] Administrasi
25,20,1-2,51-3023.00,Slaughterers and Meat Packers,[Seni & Kreatif] Tata Boga
25,18,5,25-1041.00,"Agricultural Sciences Teachers, Postsecondary",[Sosial & Humaniora] Pendidikan / Mengajar
25,18,1-2,39-3091.00,Amusement and Recreation Attendants,[Bisnis & Administrasi] Bisnis / Manajemen
25,18,5,25-1062.00,"Area, Ethnic, and Cultural Studies Teachers, Postsecondary",[Sosial & Humaniora] Pendidikan / Mengajar
25,18,5,25-1124.00,"Foreign Language and Literature Teachers, Postsecondary",[Sosial & Humaniora] Pendidikan / Mengajar
25,18,4,13-1111.00,Management Analysts,[Bisnis & Administrasi] Bisnis / Manajemen
25,18,5,25-1065.00,"Political Science Teachers, Postsecondary",[Sosial & Humaniora] Pendidikan / Mengajar
25,18,1-2,43-2011.00,"Switchboard Operators, Including Answering Service",[Bisnis & Administrasi] Administrasi
25,18,3,39-7011.00,Tour Guides and Escorts,[Sosial & Humaniora] Ilmu Komunikasi
25,16,5,23-1022.00,"Arbitrators, Mediators, and Conciliators",[Sosial & Humaniora] Hukum
25,16,1-2,39-6012.00,Concierges,[Keselamatan & Transportasi] Transportasi / Logistik
25,16,5,23-1023.00,"Judges, Magistrate Judges, and Magistrates",[Sosial & Humaniora] Hukum
25,16,4,13-2072.00,Loan Officers,[Bisnis & Administrasi] Bisnis / Manajemen
25,16,1-2,39-3093.00,"Locker Room, Coatroom, and Dressing Room Attendants",[Bisnis & Administrasi] Bisnis / Manajemen
25,16,3,43-3051.00,Payroll and Timekeeping Clerks,[Bisnis & Administrasi] Administrasi
25,16,5,15-2041.00,Statisticians,[Teknologi Informasi] Data Science / Kecerdasan Buatan
22,27,4,15-1253.00,Software Quality Assurance Analysts and Testers,[Teknologi Informasi] Informatika / Ilmu Komputer
22,25,5,25-1051.00,"Atmospheric, Earth, Marine, and Space Sciences Teachers, Postsecondary",[Keselamatan & Transportasi] Kelautan
22,25,4,13-1051.00,Cost Estimators,[Bisnis & Administrasi] Bisnis / Manajemen
22,25,4,15-1242.00,Database Administrators,[Teknologi Informasi] Informatika / Ilmu Komputer
22,25,1-2,35-9021.00,Dishwashers,[Seni & Kreatif] Tata Boga
22,25,4,11-9161.00,Emergency Management Directors,[Bisnis & Administrasi] Bisnis / Manajemen
22,25,3,43-6011.00,Executive Secretaries and Executive Administrative Assistants,[Bisnis & Administrasi] Administrasi
22,25,4,13-1131.00,Fundraisers,[Bisnis & Administrasi] Bisnis / Manajemen
22,25,4,11-1021.00,General and Operations Managers,[Bisnis & Administrasi] Bisnis / Manajemen
22,25,5,19-2041.03,Industrial Ecologists,[Kesehatan] Laboratorium
22,25,1-2,33-9092.00,"Lifeguards, Ski Patrol, and Other Recreational Protective Service Workers",[Keselamatan & Transportasi] Kepolisian
22,25,3,31-2012.00,Occupational Therapy Aides,[Kesehatan] Kedokteran
22,25,4,41-4012.00,"Sales Representatives, Wholesale and Manufacturing, Except Technical and Scientific Products",[Bisnis & Administrasi] Bisnis / Manajemen
22,25,1-2,43-9022.00,Word Processors and Typists,[Bisnis & Administrasi] Administrasi
22,23,4,13-2011.00,Accountants and Auditors,[Bisnis & Administrasi] Akuntansi
22,23,5,21-1012.00,"Educational, Guidance, and Career Counselors and Advisors",[Sosial & Humaniora] Psikologi
22,23,5,25-1053.00,"Environmental Science Teachers, Postsecondary",[Sosial & Humaniora] Pendidikan / Mengajar
22,23,4,13-1041.03,Equal Opportunity Representatives and Officers,[Bisnis & Administrasi] Bisnis / Manajemen
22,23,1-2,35-9031.00,"Hosts and Hostesses, Restaurant, Lounge, and Coffee Shop",[Seni & Kreatif] Tata Boga
22,23,1-2,43-6013.00,Medical Secretaries and Administrative Assistants,[Bisnis & Administrasi] Administrasi
22,23,4,11-9141.00,"Property, Real Estate, and Community Association Managers",[Bisnis & Administrasi] Bisnis / Manajemen
22,23,5,25-9044.00,"Teaching Assistants, Postsecondary",[Sosial & Humaniora] Pendidikan / Mengajar
22,21,4,13-1011.00,"Agents and Business Managers of Artists, Performers, and Athletes",[Bisnis & Administrasi] Bisnis / Manajemen
22,21,5,25-1061.00,"Anthropology and Archeology Teachers, Postsecondary",[Sosial & Humaniora] Pendidikan / Mengajar
22,21,5,29-1223.00,Psychiatrists,[Kesehatan] Kedokteran
22,21,4,29-1125.00,Recreational Therapists,[Kesehatan] Kedokteran
22,20,4,13-2071.00,Credit Counselors,[Bisnis & Administrasi] Bisnis / Manajemen
22,20,4,27-3043.05,"Poets, Lyricists and Creative Writers",[Seni & Kreatif] Seni Rupa
22,18,5,25-1122.00,"Communications Teachers, Postsecondary",[Sosial & Humaniora] Pendidikan / Mengajar
22,18,5,25-1111.00,"Criminal Justice and Law Enforcement Teachers, Postsecondary",[Sosial & Humaniora] Pendidikan / Mengajar
22,18,4,27-2041.00,Music Directors and Composers,[Seni & Kreatif] Seni Rupa
22,18,4,11-3031.01,Treasurers and Controllers,[Bisnis & Administrasi] Bisnis / Manajemen
22,16,1-2,43-4031.00,"Court, Municipal, and License Clerks",[Bisnis & Administrasi] Administrasi
22,16,3,39-9031.00,Exercise Trainers and Group Fitness Instructors,[Sosial & Humaniora] Pendidikan / Mengajar
22,16,5,25-1125.00,"History Teachers, Postsecondary",[Sosial & Humaniora] Pendidikan / Mengajar
22,16,3,13-2082.00,Tax Preparers,[Bisnis & Administrasi] Akuntansi
22,16,1-2,43-2021.00,Telephone Operators,[Bisnis & Administrasi] Administrasi
22,14,5,23-1021.00,"Administrative Law Judges, Adjudicators, and Hearing Officers",[Sosial & Humaniora] Hukum
22,13,5,25-1082.00,"Library Science Teachers, Postsecondary",[Sosial & Humaniora] Pendidikan / Mengajar
22,13,5,15-2021.00,Mathematicians,[Teknologi Informasi] Informatika / Ilmu Komputer
22,13,1-2,23-2093.00,"Title Examiners, Abstractors, and Searchers",[Sosial & Humaniora] Hukum
19,21,3,43-3031.00,"Bookkeeping, Accounting, and Auditing Clerks",[Bisnis & Administrasi] Administrasi
19,21,5,29-1011.00,Chiropractors,[Kesehatan] Kedokteran
19,21,4,13-2041.00,Credit Analysts,[Bisnis & Administrasi] Bisnis / Manajemen
19,21,1-2,43-5032.00,"Dispatchers, Except Police, Fire, and Ambulance",[Keselamatan & Transportasi] Kepolisian
19,21,5,25-1063.00,"Economics Teachers, Postsecondary",[Sosial & Humaniora] Pendidikan / Mengajar
19,21,3,43-4061.00,"Eligibility Interviewers, Government Programs",[Bisnis & Administrasi] Administrasi
19,21,4,13-1075.00,Labor Relations Specialists,[Bisnis & Administrasi] Bisnis / Manajemen
19,21,5,23-1011.00,Lawyers,[Sosial & Humaniora] Hukum
19,21,5,21-1013.00,Marriage and Family Therapists,[Sosial & Humaniora] Psikologi
19,21,4,13-2052.00,Personal Financial Advisors,[Bisnis & Administrasi] Bisnis / Manajemen
19,21,4,21-1015.00,Rehabilitation Counselors,[Sosial & Humaniora] Psikologi
19,20,4,13-1141.00,"Compensation, Benefits, and Job Analysis Specialists",[Bisnis & Administrasi] Bisnis / Manajemen
19,20,4,41-1012.00,First-Line Supervisors of Non-Retail Sales Workers,[Bisnis & Administrasi] Bisnis / Manajemen
19,20,4,41-3021.00,Insurance Sales Agents,[Bisnis & Administrasi] Bisnis / Manajemen
19,20,5,19-3034.00,School Psychologists,[Sosial & Humaniora] Psikologi
19,20,5,19-3041.00,Sociologists,[Kesehatan] Laboratorium
19,18,3,43-3021.00,Billing and Posting Clerks,[Bisnis & Administrasi] Administrasi
19,18,5,19-3011.00,Economists,[Kesehatan] Laboratorium
19,18,5,25-1123.00,"English Language and Literature Teachers, Postsecondary",[Sosial & Humaniora] Pendidikan / Mengajar
19,18,3,43-4161.00,"Human Resources Assistants, Except Payroll and Timekeeping",[Bisnis & Administrasi] Administrasi
19,18,3,31-9011.00,Massage Therapists,[Kesehatan] Kedokteran
19,18,5,19-3022.00,Survey Researchers,[Kesehatan] Laboratorium
19,16,3,31-9094.00,Medical Transcriptionists,[Kesehatan] Kedokteran
19,16,5,15-2031.00,Operations Research Analysts,[Teknologi Informasi] Data Science / Kecerdasan Buatan
19,16,3,13-2081.00,"Tax Examiners and Collectors, and Revenue Agents",[Bisnis & Administrasi] Akuntansi
19,14,1-2,43-4021.00,Correspondence Clerks,[Bisnis & Administrasi] Administrasi
19,14,1-2,41-9091.00,"Door-to-Door Sales Workers, News and Street Vendors, and Related Workers",[Bisnis & Administrasi] Bisnis / Manajemen
19,14,4,11-3121.00,Human Resources Managers,[Bisnis & Administrasi] Bisnis / Manajemen
19,14,5,21-1014.00,Mental Health Counselors,[Sosial & Humaniora] Psikologi
19,14,5,25-1113.00,"Social Work Teachers, Postsecondary",[Sosial & Humaniora] Pendidikan / Mengajar
19,13,5,25-1011.00,"Business Teachers, Postsecondary",[Sosial & Humaniora] Pendidikan / Mengajar
19,13,4,15-2051.02,Clinical Data Managers,[Teknologi Informasi] Informatika / Ilmu Komputer
19,13,4,11-3111.00,Compensation and Benefits Managers,[Bisnis & Administrasi] Bisnis / Manajemen
19,13,5,25-1022.00,"Mathematical Science Teachers, Postsecondary",[Sosial & Humaniora] Pendidikan / Mengajar
19,13,5,25-1126.00,"Philosophy and Religion Teachers, Postsecondary",[Sosial & Humaniora] Pendidikan / Mengajar
19,13,4,43-9081.00,Proofreaders and Copy Markers,[Bisnis & Administrasi] Administrasi
19,13,5,25-1067.00,"Sociology Teachers, Postsecondary",[Sosial & Humaniora] Pendidikan / Mengajar
19,13,3,41-3041.00,Travel Agents,[Bisnis & Administrasi] Bisnis / Manajemen
19,11,5,25-1081.00,"Education Teachers, Postsecondary",[Sosial & Humaniora] Pendidikan / Mengajar
19,11,4,13-1071.00,Human Resources Specialists,[Bisnis & Administrasi] Bisnis / Manajemen
19,11,5,25-1112.00,"Law Teachers, Postsecondary",[Sosial & Humaniora] Pendidikan / Mengajar
19,11,4,41-9021.00,Real Estate Brokers,[Bisnis & Administrasi] Bisnis / Manajemen
16,16,5,15-2041.01,Biostatisticians,[Teknologi Informasi] Data Science / Kecerdasan Buatan
16,16,5,21-1022.00,Healthcare Social Workers,[Sosial & Humaniora] Psikologi
16,16,4,41-3031.00,"Securities, Commodities, and Financial Services Sales Agents",[Bisnis & Administrasi] Bisnis / Manajemen
16,14,1-2,43-4041.00,"Credit Authorizers, Checkers, and Clerks",[Bisnis & Administrasi] Administrasi
16,13,4,15-2051.01,Business Intelligence Analysts,[Teknologi Informasi] Informatika / Ilmu Komputer
16,13,3,43-4141.00,New Accounts Clerks,[Bisnis & Administrasi] Administrasi
16,13,5,19-3094.00,Political Scientists,[Kesehatan] Laboratorium
16,13,4,21-1092.00,Probation Officers and Correctional Treatment Specialists,[Keselamatan & Transportasi] Kepolisian
16,11,5,25-1066.00,"Psychology Teachers, Postsecondary",[Sosial & Humaniora] Psikologi
16,9,3,27-3092.00,Court Reporters and Simultaneous Captioners,[Seni & Kreatif] Seni Rupa
13,9,1-2,41-9041.00,Telemarketers,[Bisnis & Administrasi] Bisnis / Manajemen
10,9,4,11-3031.00,Financial Managers,[Bisnis & Administrasi] Bisnis / Manajemen
